/*
 Navicat Premium Data Transfer

 Source Server         : localhost_3306
 Source Server Type    : MySQL
 Source Server Version : 50562
 Source Host           : localhost:3306
 Source Schema         : onlineshop

 Target Server Type    : MySQL
 Target Server Version : 50562
 File Encoding         : 65001

 Date: 22/10/2022 19:47:29
*/

SET NAMES utf8mb4;
SET FOREIGN_KEY_CHECKS = 0;

-- ----------------------------
-- Table structure for address
-- ----------------------------
DROP TABLE IF EXISTS `address`;
CREATE TABLE `address`  (
  `addressId` int(10) UNSIGNED NOT NULL AUTO_INCREMENT,
  `userId` int(11) NOT NULL COMMENT '用户表id',
  `name` varchar(50) CHARACTER SET utf8 COLLATE utf8_general_ci NOT NULL COMMENT '收货姓名',
  `phone` varchar(50) CHARACTER SET utf8 COLLATE utf8_general_ci NOT NULL COMMENT '收货固定电话',
  `area` varchar(100) CHARACTER SET utf8 COLLATE utf8_general_ci NOT NULL COMMENT '地址：省-区/市-县',
  `detailAdd` varchar(100) CHARACTER SET utf8 COLLATE utf8_general_ci NOT NULL COMMENT '详细地址',
  `status` int(1) NULL DEFAULT 1 COMMENT '地址状态.1-正常  -1-删除',
  PRIMARY KEY (`addressId`) USING BTREE,
  INDEX `FK_Reference_4`(`userId`) USING BTREE,
  INDEX `addressId`(`addressId`) USING BTREE,
  INDEX `addressId_2`(`addressId`) USING BTREE,
  INDEX `addressId_3`(`addressId`) USING BTREE,
  INDEX `addressId_4`(`addressId`) USING BTREE,
  INDEX `addressId_5`(`addressId`) USING BTREE,
  CONSTRAINT `FK_Reference_4` FOREIGN KEY (`userid`) REFERENCES `user` (`userid`) ON DELETE RESTRICT ON UPDATE RESTRICT
) ENGINE = InnoDB AUTO_INCREMENT = 8 CHARACTER SET = utf8 COLLATE = utf8_general_ci ROW_FORMAT = Compact;

-- ----------------------------
-- Records of address
-- ----------------------------
INSERT INTO `address` VALUES (1, 3, '小橙', '15243214321', '四川省-遂宁市-船山区', '国际锦江1栋2单元3楼4号', 1);
INSERT INTO `address` VALUES (2, 3, '小陈', '19882571345', '四川省-成都市-温江区', '成都师范学院', 1);
INSERT INTO `address` VALUES (3, 3, '图图', '13528256257', '北京市-市辖区-朝阳区', '翻斗幼儿园', 1);
INSERT INTO `address` VALUES (4, 3, '阿陈', '19981234567', '四川省-成都市-青羊区', '宽窄巷子大门口', 1);
INSERT INTO `address` VALUES (5, 3, '小图图', '15348561245', '云南省-西双版纳傣族自治州-景洪市', '高速路口处', 1);
INSERT INTO `address` VALUES (6, 3, '阿晨', '15887654321', '北京市-市辖区-西城区', '成都市温江区', -1);
INSERT INTO `address` VALUES (7, 5, '唐三藏', '13522486654', '北京市-市辖区-东城区', '东土大唐666号', 1);

-- ----------------------------
-- Table structure for cart
-- ----------------------------
DROP TABLE IF EXISTS `cart`;
CREATE TABLE `cart`  (
  `carId` int(10) UNSIGNED NOT NULL AUTO_INCREMENT,
  `userId` int(11) NOT NULL COMMENT '用户表id',
  `proId` int(11) NOT NULL COMMENT '商品id',
  `quantity` int(11) NOT NULL DEFAULT 1 COMMENT '数量',
  `price` decimal(10, 2) NOT NULL COMMENT '价格,单位-元保留两位小数',
  `productImgs` varchar(255) CHARACTER SET utf8 COLLATE utf8_general_ci NOT NULL COMMENT '商品图片路径',
  `status` int(1) NOT NULL DEFAULT 1 COMMENT '状态:1-正常，-1-删除，默认1',
  PRIMARY KEY (`carId`) USING BTREE,
  INDEX `FK_Reference_2`(`userId`) USING BTREE,
  INDEX `FK_Reference_3`(`proId`) USING BTREE,
  INDEX `FK_Reference_8`(`productImgs`) USING BTREE,
  INDEX `carId`(`carId`) USING BTREE,
  INDEX `carId_2`(`carId`) USING BTREE,
  INDEX `carId_3`(`carId`) USING BTREE,
  INDEX `carId_4`(`carId`) USING BTREE,
  INDEX `carId_5`(`carId`) USING BTREE,
  CONSTRAINT `FK_Reference_2` FOREIGN KEY (`userid`) REFERENCES `user` (`userid`) ON DELETE RESTRICT ON UPDATE RESTRICT,
  CONSTRAINT `FK_Reference_3` FOREIGN KEY (`proid`) REFERENCES `product` (`proid`) ON DELETE RESTRICT ON UPDATE RESTRICT,
  CONSTRAINT `FK_Reference_8` FOREIGN KEY (`productimgs`) REFERENCES `product` (`productimgs`) ON DELETE RESTRICT ON UPDATE RESTRICT
) ENGINE = InnoDB AUTO_INCREMENT = 68 CHARACTER SET = utf8 COLLATE = utf8_general_ci ROW_FORMAT = Compact;

-- ----------------------------
-- Records of cart
-- ----------------------------
INSERT INTO `cart` VALUES (30, 3, 1, 3, 2898.00, '1658455191161-756858741.jpg@1658455191162-52809666.jpg@1658455191169-263532348.jpg@1658455191181-393327971.jpg@1658455191190-977043136.jpg', -1);
INSERT INTO `cart` VALUES (31, 3, 2, 1, 899.00, '1658457176993-254359613.jpg@1658457176997-898596011.jpg@1658457176997-235996796.jpg@1658457176998-271612480.jpg@1658457177000-726551741.jpg', -1);
INSERT INTO `cart` VALUES (32, 3, 3, 1, 899.00, '1658457493420-970447734.jpg@1658457493421-605532813.jpg@1658457493750-958399843.jpg@1658457493752-755246125.jpg@1658457493755-195251825.jpg', -1);
INSERT INTO `cart` VALUES (33, 3, 4, 1, 1480.00, '1658630605667-342772471.jpg@1658630605670-165929963.jpg@1658630605675-151853604.jpg@1658630605676-620155164.jpg@1658630606002-922512690.jpg', -1);
INSERT INTO `cart` VALUES (34, 3, 5, 1, 1099.00, '635743087-868739281.jpg@635743091-788373192.jpg@635743091-726255140.jpg@635743092-561610937.jpg@635743092-909753069.jpg', -1);
INSERT INTO `cart` VALUES (35, 3, 6, 1, 1799.00, '61088-780736271.jpg@61092-726438803.jpg@61092-673146584.jpg@61098-854143239.jpg@61099-326278108.jpg', -1);
INSERT INTO `cart` VALUES (36, 3, 1, 1, 966.00, '1658455191161-756858741.jpg@1658455191162-52809666.jpg@1658455191169-263532348.jpg@1658455191181-393327971.jpg@1658455191190-977043136.jpg', -1);
INSERT INTO `cart` VALUES (37, 3, 2, 1, 899.00, '1658457176993-254359613.jpg@1658457176997-898596011.jpg@1658457176997-235996796.jpg@1658457176998-271612480.jpg@1658457177000-726551741.jpg', -1);
INSERT INTO `cart` VALUES (38, 3, 3, 1, 899.00, '1658457493420-970447734.jpg@1658457493421-605532813.jpg@1658457493750-958399843.jpg@1658457493752-755246125.jpg@1658457493755-195251825.jpg', -1);
INSERT INTO `cart` VALUES (39, 3, 5, 6, 6594.00, '635743087-868739281.jpg@635743091-788373192.jpg@635743091-726255140.jpg@635743092-561610937.jpg@635743092-909753069.jpg', -1);
INSERT INTO `cart` VALUES (40, 3, 6, 6, 10794.00, '61088-780736271.jpg@61092-726438803.jpg@61092-673146584.jpg@61098-854143239.jpg@61099-326278108.jpg', -1);
INSERT INTO `cart` VALUES (41, 3, 6, 1, 1799.00, '61088-780736271.jpg@61092-726438803.jpg@61092-673146584.jpg@61098-854143239.jpg@61099-326278108.jpg', -1);
INSERT INTO `cart` VALUES (42, 3, 4, 1, 1480.00, '1658630605667-342772471.jpg@1658630605670-165929963.jpg@1658630605675-151853604.jpg@1658630605676-620155164.jpg@1658630606002-922512690.jpg', -1);
INSERT INTO `cart` VALUES (43, 3, 5, 1, 1099.00, '635743087-868739281.jpg@635743091-788373192.jpg@635743091-726255140.jpg@635743092-561610937.jpg@635743092-909753069.jpg', -1);
INSERT INTO `cart` VALUES (44, 3, 6, 1, 1799.00, '61088-780736271.jpg@61092-726438803.jpg@61092-673146584.jpg@61098-854143239.jpg@61099-326278108.jpg', -1);
INSERT INTO `cart` VALUES (45, 3, 1, 1, 966.00, '1658455191161-756858741.jpg@1658455191162-52809666.jpg@1658455191169-263532348.jpg@1658455191181-393327971.jpg@1658455191190-977043136.jpg', -1);
INSERT INTO `cart` VALUES (46, 3, 2, 1, 899.00, '1658457176993-254359613.jpg@1658457176997-898596011.jpg@1658457176997-235996796.jpg@1658457176998-271612480.jpg@1658457177000-726551741.jpg', -1);
INSERT INTO `cart` VALUES (47, 3, 3, 1, 899.00, '1658457493420-970447734.jpg@1658457493421-605532813.jpg@1658457493750-958399843.jpg@1658457493752-755246125.jpg@1658457493755-195251825.jpg', -1);
INSERT INTO `cart` VALUES (48, 3, 4, 1, 1480.00, '1658630605667-342772471.jpg@1658630605670-165929963.jpg@1658630605675-151853604.jpg@1658630605676-620155164.jpg@1658630606002-922512690.jpg', -1);
INSERT INTO `cart` VALUES (49, 3, 5, 1, 1099.00, '635743087-868739281.jpg@635743091-788373192.jpg@635743091-726255140.jpg@635743092-561610937.jpg@635743092-909753069.jpg', -1);
INSERT INTO `cart` VALUES (50, 3, 6, 1, 1799.00, '61088-780736271.jpg@61092-726438803.jpg@61092-673146584.jpg@61098-854143239.jpg@61099-326278108.jpg', -1);
INSERT INTO `cart` VALUES (51, 3, 1, 1, 966.00, '1658455191161-756858741.jpg@1658455191162-52809666.jpg@1658455191169-263532348.jpg@1658455191181-393327971.jpg@1658455191190-977043136.jpg', -1);
INSERT INTO `cart` VALUES (52, 3, 2, 1, 899.00, '1658457176993-254359613.jpg@1658457176997-898596011.jpg@1658457176997-235996796.jpg@1658457176998-271612480.jpg@1658457177000-726551741.jpg', -1);
INSERT INTO `cart` VALUES (53, 3, 6, 1, 1799.00, '61088-780736271.jpg@61092-726438803.jpg@61092-673146584.jpg@61098-854143239.jpg@61099-326278108.jpg', -1);
INSERT INTO `cart` VALUES (54, 3, 6, 1, 1799.00, '61088-780736271.jpg@61092-726438803.jpg@61092-673146584.jpg@61098-854143239.jpg@61099-326278108.jpg', -1);
INSERT INTO `cart` VALUES (55, 3, 2, 1, 899.00, '1658457176993-254359613.jpg@1658457176997-898596011.jpg@1658457176997-235996796.jpg@1658457176998-271612480.jpg@1658457177000-726551741.jpg', -1);
INSERT INTO `cart` VALUES (56, 3, 3, 1, 899.00, '1658457493420-970447734.jpg@1658457493421-605532813.jpg@1658457493750-958399843.jpg@1658457493752-755246125.jpg@1658457493755-195251825.jpg', -1);
INSERT INTO `cart` VALUES (57, 6, 1, 1, 966.00, '1658455191161-756858741.jpg@1658455191162-52809666.jpg@1658455191169-263532348.jpg@1658455191181-393327971.jpg@1658455191190-977043136.jpg', 1);
INSERT INTO `cart` VALUES (58, 3, 1, 7, 6762.00, '1658455191161-756858741.jpg@1658455191162-52809666.jpg@1658455191169-263532348.jpg@1658455191181-393327971.jpg@1658455191190-977043136.jpg', -1);
INSERT INTO `cart` VALUES (59, 3, 2, 1, 899.00, '1658457176993-254359613.jpg@1658457176997-898596011.jpg@1658457176997-235996796.jpg@1658457176998-271612480.jpg@1658457177000-726551741.jpg', -1);
INSERT INTO `cart` VALUES (60, 3, 1, 6, 5796.00, '1658455191161-756858741.jpg@1658455191162-52809666.jpg@1658455191169-263532348.jpg@1658455191181-393327971.jpg@1658455191190-977043136.jpg', -1);
INSERT INTO `cart` VALUES (61, 5, 3, 1, 899.00, '1658457493420-970447734.jpg@1658457493421-605532813.jpg@1658457493750-958399843.jpg@1658457493752-755246125.jpg@1658457493755-195251825.jpg', -1);
INSERT INTO `cart` VALUES (62, 5, 1, 1, 966.00, '1658455191161-756858741.jpg@1658455191162-52809666.jpg@1658455191169-263532348.jpg@1658455191181-393327971.jpg@1658455191190-977043136.jpg', -1);
INSERT INTO `cart` VALUES (63, 3, 1, 1, 966.00, '1658455191161-756858741.jpg@1658455191162-52809666.jpg@1658455191169-263532348.jpg@1658455191181-393327971.jpg@1658455191190-977043136.jpg', -1);
INSERT INTO `cart` VALUES (64, 3, 2, 1, 899.00, '1658457176993-254359613.jpg@1658457176997-898596011.jpg@1658457176997-235996796.jpg@1658457176998-271612480.jpg@1658457177000-726551741.jpg', -1);
INSERT INTO `cart` VALUES (65, 3, 3, 1, 899.00, '1658457493420-970447734.jpg@1658457493421-605532813.jpg@1658457493750-958399843.jpg@1658457493752-755246125.jpg@1658457493755-195251825.jpg', -1);
INSERT INTO `cart` VALUES (66, 1, 1, 1, 966.00, '1658455191161-756858741.jpg@1658455191162-52809666.jpg@1658455191169-263532348.jpg@1658455191181-393327971.jpg@1658455191190-977043136.jpg', 1);
INSERT INTO `cart` VALUES (67, 1, 2, 1, 899.00, '1658457176993-254359613.jpg@1658457176997-898596011.jpg@1658457176997-235996796.jpg@1658457176998-271612480.jpg@1658457177000-726551741.jpg', 1);

-- ----------------------------
-- Table structure for category
-- ----------------------------
DROP TABLE IF EXISTS `category`;
CREATE TABLE `category`  (
  `cateId` int(10) UNSIGNED NOT NULL AUTO_INCREMENT COMMENT '类别Id',
  `rootId` int(10) NOT NULL DEFAULT 0 COMMENT '是否是根节点，0-根节点；其它-父节点id；默认0',
  `cateName` varchar(50) CHARACTER SET utf8 COLLATE utf8_general_ci NOT NULL COMMENT '类别名称',
  `status` int(1) NOT NULL DEFAULT 1 COMMENT '类别状态1-正常,-1-已废弃',
  `isPassed` int(1) NOT NULL DEFAULT 0 COMMENT '审核状态：-1：未通过，0：待审核，1：通过',
  PRIMARY KEY (`cateId`) USING BTREE
) ENGINE = InnoDB AUTO_INCREMENT = 26 CHARACTER SET = utf8 COLLATE = utf8_general_ci ROW_FORMAT = Compact;

-- ----------------------------
-- Records of category
-- ----------------------------
INSERT INTO `category` VALUES (1, 0, '卧室家具', 1, 1);
INSERT INTO `category` VALUES (2, 0, '客厅家具', 1, 1);
INSERT INTO `category` VALUES (3, 0, '餐厅家具', 1, 1);
INSERT INTO `category` VALUES (4, 0, '书房家具', 1, 1);
INSERT INTO `category` VALUES (5, 1, '床', 1, 1);
INSERT INTO `category` VALUES (6, 1, '床垫', 1, 1);
INSERT INTO `category` VALUES (7, 1, '床头柜', 1, 1);
INSERT INTO `category` VALUES (8, 1, '化妆台', 1, 1);
INSERT INTO `category` VALUES (9, 1, '衣柜', 1, 1);
INSERT INTO `category` VALUES (10, 1, '穿衣镜', 1, 1);
INSERT INTO `category` VALUES (11, 2, '沙发', 1, 1);
INSERT INTO `category` VALUES (12, 2, '茶几', 1, 1);
INSERT INTO `category` VALUES (13, 2, '电视机', 1, 1);
INSERT INTO `category` VALUES (14, 2, '背景墙', 1, 1);
INSERT INTO `category` VALUES (15, 3, '餐桌', 1, 1);
INSERT INTO `category` VALUES (16, 3, '餐椅', 1, 1);
INSERT INTO `category` VALUES (17, 3, '酒柜', 1, 1);
INSERT INTO `category` VALUES (18, 3, '吧台', 1, 1);
INSERT INTO `category` VALUES (19, 3, '餐边柜', 1, 1);
INSERT INTO `category` VALUES (20, 4, '书桌', 1, 1);
INSERT INTO `category` VALUES (21, 4, '书架', 1, 1);
INSERT INTO `category` VALUES (22, 4, '会议桌', 1, 1);
INSERT INTO `category` VALUES (23, 4, '文件柜', 1, 1);
INSERT INTO `category` VALUES (24, 0, 'test', 1, 0);
INSERT INTO `category` VALUES (25, 0, '浴室家具', 1, 0);

-- ----------------------------
-- Table structure for comment
-- ----------------------------
DROP TABLE IF EXISTS `comment`;
CREATE TABLE `comment`  (
  `commentId` int(10) NOT NULL AUTO_INCREMENT COMMENT '评论id',
  `proId` int(11) NOT NULL COMMENT '商品id',
  `userId` int(11) NOT NULL COMMENT '用户id',
  `orderId` int(11) NOT NULL COMMENT '订单id',
  `content` text CHARACTER SET utf8 COLLATE utf8_general_ci NOT NULL COMMENT '评论内容',
  `rate` tinyint(1) UNSIGNED NOT NULL COMMENT '评分',
  `status` int(1) NOT NULL DEFAULT 1 COMMENT '1：正常，-1：删除，默认1',
  `createTime` datetime NOT NULL,
  PRIMARY KEY (`commentId`) USING BTREE,
  INDEX `FK_Reference_11`(`proId`) USING BTREE,
  INDEX `FK_Reference_12`(`userId`) USING BTREE,
  INDEX `FK_Reference_13`(`orderId`) USING BTREE,
  CONSTRAINT `FK_Reference_11` FOREIGN KEY (`proid`) REFERENCES `product` (`proid`) ON DELETE RESTRICT ON UPDATE RESTRICT,
  CONSTRAINT `FK_Reference_12` FOREIGN KEY (`userid`) REFERENCES `user` (`userid`) ON DELETE RESTRICT ON UPDATE RESTRICT,
  CONSTRAINT `FK_Reference_13` FOREIGN KEY (`orderid`) REFERENCES `orders` (`orderid`) ON DELETE RESTRICT ON UPDATE RESTRICT
) ENGINE = InnoDB AUTO_INCREMENT = 15 CHARACTER SET = utf8 COLLATE = utf8_general_ci ROW_FORMAT = Compact;

-- ----------------------------
-- Records of comment
-- ----------------------------
INSERT INTO `comment` VALUES (1, 1, 3, 1, '这床很不错啊，睡起来很舒服！好评！', 5, 1, '2022-09-25 14:19:57');
INSERT INTO `comment` VALUES (2, 2, 3, 3, '这床还行把一般般~~', 3, 1, '2022-09-26 10:34:49');
INSERT INTO `comment` VALUES (3, 4, 3, 4, '这床真的很不错，性价比很高，睡着也舒服', 5, 1, '2022-09-26 10:34:49');
INSERT INTO `comment` VALUES (4, 5, 3, 2, '沙发有点小，价格也有点贵~~', 1, 1, '2022-09-26 10:34:49');
INSERT INTO `comment` VALUES (5, 6, 3, 11, '非常不错', 5, 1, '2022-09-26 10:34:49');
INSERT INTO `comment` VALUES (6, 3, 3, 6, '这电视一般般，效果不太行，只能说一分钱一分货把！', 1, 1, '2022-09-26 10:34:49');
INSERT INTO `comment` VALUES (7, 6, 3, 5, '沙发很好，但还不够好', 3, 1, '2022-09-26 10:34:49');
INSERT INTO `comment` VALUES (8, 6, 3, 12, '材质偏软，就是有点掉色', 4, 1, '2022-09-26 10:34:49');
INSERT INTO `comment` VALUES (9, 4, 3, 13, '这沙发非常不错，第二次购买了', 5, 1, '2022-09-26 10:34:49');
INSERT INTO `comment` VALUES (10, 5, 3, 10, '一般般，体验感不太好', 1, 1, '2022-09-26 10:34:49');
INSERT INTO `comment` VALUES (11, 5, 3, 15, '只能说还行', 2, 1, '2022-09-26 10:34:49');
INSERT INTO `comment` VALUES (12, 6, 3, 14, '各方面都还行，就是太小了', 4, 1, '2022-09-26 10:34:49');
INSERT INTO `comment` VALUES (13, 6, 3, 23, '非常好', 4, 1, '2022-09-27 16:43:43');
INSERT INTO `comment` VALUES (14, 6, 3, 22, '很不好，掉毛掉色，差评！', 1, 1, '2022-09-29 15:24:39');

-- ----------------------------
-- Table structure for orders
-- ----------------------------
DROP TABLE IF EXISTS `orders`;
CREATE TABLE `orders`  (
  `orderId` int(11) NOT NULL AUTO_INCREMENT COMMENT '订单id',
  `ownerId` int(11) NOT NULL COMMENT '卖家id',
  `userId` int(11) NOT NULL COMMENT '用户id',
  `proId` int(11) NOT NULL COMMENT '商品id',
  `carId` int(10) UNSIGNED NOT NULL COMMENT '商品id',
  `addressId` int(10) UNSIGNED NOT NULL COMMENT '地址id',
  `orderNum` varchar(255) CHARACTER SET utf8 COLLATE utf8_general_ci NOT NULL COMMENT '订单编号',
  `quantity` int(11) NOT NULL DEFAULT 1 COMMENT '数量',
  `totalPrice` decimal(10, 2) NOT NULL COMMENT '价格,单位-元保留两位小数',
  `status` int(2) NOT NULL DEFAULT 10 COMMENT '订单状态:-1:已删除，0-已取消-10-未付款，20-已付款（待发货），30-待收货（已发货），40-待评价（已收货）,50已评价',
  `payTime` datetime NULL DEFAULT NULL COMMENT '支付时间',
  `sendTime` datetime NULL DEFAULT NULL COMMENT '发货时间',
  `endTime` datetime NULL DEFAULT NULL COMMENT '交易完成时间',
  `closeTime` datetime NULL DEFAULT NULL COMMENT '交易关闭时间',
  `createTime` datetime NULL DEFAULT NULL COMMENT '创建时间',
  `updateTime` datetime NULL DEFAULT NULL COMMENT '更新时间',
  PRIMARY KEY (`orderId`) USING BTREE,
  INDEX `FK_Reference_14`(`userId`) USING BTREE,
  INDEX `FK_Reference_15`(`addressId`) USING BTREE,
  INDEX `FK_Reference_9`(`carId`) USING BTREE,
  INDEX `FK_Reference_16`(`totalPrice`) USING BTREE,
  INDEX `FK_Reference_18`(`proId`) USING BTREE,
  INDEX `FK_Reference_19`(`ownerId`) USING BTREE,
  CONSTRAINT `FK_Reference_14` FOREIGN KEY (`userid`) REFERENCES `user` (`userid`) ON DELETE RESTRICT ON UPDATE RESTRICT,
  CONSTRAINT `FK_Reference_15` FOREIGN KEY (`addressid`) REFERENCES `address` (`addressid`) ON DELETE RESTRICT ON UPDATE RESTRICT,
  CONSTRAINT `FK_Reference_18` FOREIGN KEY (`proId`) REFERENCES `product` (`proId`) ON DELETE RESTRICT ON UPDATE RESTRICT,
  CONSTRAINT `FK_Reference_19` FOREIGN KEY (`ownerId`) REFERENCES `product` (`userId`) ON DELETE RESTRICT ON UPDATE RESTRICT,
  CONSTRAINT `FK_Reference_9` FOREIGN KEY (`carid`) REFERENCES `cart` (`carid`) ON DELETE RESTRICT ON UPDATE RESTRICT
) ENGINE = InnoDB AUTO_INCREMENT = 36 CHARACTER SET = utf8 COLLATE = utf8_general_ci ROW_FORMAT = Compact;

-- ----------------------------
-- Records of orders
-- ----------------------------
INSERT INTO `orders` VALUES (1, 4, 3, 1, 30, 2, '20220925143052616920', 3, 2898.00, -1, '2022-09-25 14:19:57', '2022-09-25 14:37:34', '2022-09-25 14:19:57', '2022-10-19 18:01:10', '2022-09-25 14:19:57', '2022-09-25 15:29:12');
INSERT INTO `orders` VALUES (2, 5, 3, 5, 34, 2, '2022092514305292892', 1, 1099.00, -1, '2022-09-25 14:19:57', '2022-09-25 14:37:34', '2022-09-25 14:19:57', '2022-10-19 18:01:12', '2022-09-25 14:19:57', '2022-09-26 10:34:49');
INSERT INTO `orders` VALUES (3, 4, 3, 2, 31, 2, '2022092514305246554', 1, 899.00, -1, '2022-09-25 14:19:57', '2022-09-25 14:37:34', '2022-09-26 10:34:49', '2022-10-19 18:01:16', '2022-09-25 14:19:57', '2022-09-26 10:34:49');
INSERT INTO `orders` VALUES (4, 5, 3, 4, 33, 2, '2022092514305286651', 1, 1480.00, -1, '2022-09-25 14:19:57', '2022-09-25 14:37:34', '2022-09-25 14:19:57', '2022-10-19 18:01:18', '2022-09-25 14:19:57', '2022-09-26 10:34:49');
INSERT INTO `orders` VALUES (5, 5, 3, 6, 35, 2, '20220925143052674927', 1, 1799.00, -1, '2022-09-25 14:19:57', '2022-09-26 12:02:11', '2022-09-26 10:34:49', '2022-10-19 18:01:21', '2022-09-25 14:19:57', '2022-09-26 10:34:49');
INSERT INTO `orders` VALUES (6, 5, 3, 3, 32, 2, '20220925143052243898', 1, 899.00, -1, '2022-09-25 14:19:57', '2022-09-26 12:02:11', '2022-09-26 10:34:49', '2022-09-26 10:34:49', '2022-09-25 14:19:57', '2022-09-26 10:34:49');
INSERT INTO `orders` VALUES (7, 4, 3, 1, 36, 2, '20220925143142237002', 1, 966.00, -1, NULL, NULL, NULL, '2022-09-25 15:20:50', '2022-09-25 14:19:57', '2022-09-26 10:34:49');
INSERT INTO `orders` VALUES (8, 4, 3, 2, 37, 2, '20220925143142917316', 1, 899.00, -1, NULL, NULL, NULL, '2022-09-25 15:20:50', '2022-09-25 14:19:57', '2022-09-26 10:34:49');
INSERT INTO `orders` VALUES (9, 5, 3, 3, 38, 2, '20220925143142171319', 1, 899.00, -1, NULL, NULL, NULL, '2022-09-25 15:29:12', '2022-09-25 14:19:57', '2022-09-26 10:34:49');
INSERT INTO `orders` VALUES (10, 5, 3, 5, 39, 3, '20220925143223853868', 6, 6594.00, -1, '2022-09-26 10:34:49', '2022-09-26 12:02:11', '2022-09-26 10:34:49', '2022-09-26 10:34:49', '2022-09-25 14:19:57', '2022-09-26 10:34:49');
INSERT INTO `orders` VALUES (11, 5, 3, 6, 40, 1, '2022092514330421758', 6, 10794.00, -1, '2022-09-25 14:19:57', '2022-09-26 12:02:11', '2022-09-26 10:34:49', '2022-09-26 10:34:49', '2022-09-25 14:19:57', '2022-09-26 10:34:49');
INSERT INTO `orders` VALUES (12, 5, 3, 6, 41, 2, '20220925143331947117', 1, 1799.00, -1, '2022-09-25 14:19:57', '2022-09-26 12:02:11', '2022-09-26 10:34:49', '2022-09-26 10:34:49', '2022-09-25 14:19:57', '2022-09-26 10:34:49');
INSERT INTO `orders` VALUES (13, 5, 3, 4, 42, 3, '2022092514350648796', 1, 1480.00, -1, '2022-09-25 14:19:57', '2022-09-26 12:02:11', '2022-09-26 10:34:49', '2022-09-26 10:34:49', '2022-09-25 14:19:57', '2022-09-26 10:34:49');
INSERT INTO `orders` VALUES (14, 5, 3, 6, 44, 3, '20220925143506985107', 1, 1799.00, -1, '2022-09-25 14:19:57', '2022-09-26 12:02:11', '2022-09-26 10:34:49', '2022-09-26 10:34:49', '2022-09-25 14:19:57', '2022-09-26 10:34:49');
INSERT INTO `orders` VALUES (15, 5, 3, 5, 43, 3, '20220925143506436647', 1, 1099.00, -1, '2022-09-25 14:19:57', '2022-09-26 12:02:11', '2022-09-26 10:34:49', '2022-09-26 10:34:49', '2022-09-25 14:19:57', '2022-09-26 10:34:49');
INSERT INTO `orders` VALUES (16, 4, 3, 1, 51, 5, '20220926121909415855', 1, 966.00, 20, '2022-09-26 10:34:49', NULL, NULL, NULL, '2022-09-26 10:34:49', NULL);
INSERT INTO `orders` VALUES (17, 4, 3, 2, 52, 4, '20220926121926161357', 1, 899.00, 10, NULL, NULL, NULL, NULL, '2022-09-26 10:34:49', NULL);
INSERT INTO `orders` VALUES (18, 4, 3, 1, 45, 3, '20220926121950410220', 1, 966.00, 20, '2022-09-26 10:34:49', NULL, NULL, NULL, '2022-09-26 10:34:49', NULL);
INSERT INTO `orders` VALUES (19, 4, 3, 2, 46, 2, '20220926122007714172', 1, 899.00, 10, NULL, NULL, NULL, NULL, '2022-09-26 10:34:49', NULL);
INSERT INTO `orders` VALUES (20, 5, 3, 3, 47, 1, '20220926122029222636', 1, 899.00, 20, '2022-09-26 10:34:49', NULL, NULL, NULL, '2022-09-26 10:34:49', NULL);
INSERT INTO `orders` VALUES (21, 5, 3, 4, 48, 1, '20220926122029860762', 1, 1480.00, 30, '2022-09-26 10:34:49', '2022-09-27 16:45:04', NULL, NULL, '2022-09-26 10:34:49', NULL);
INSERT INTO `orders` VALUES (22, 5, 3, 6, 53, 5, '20220926122647463975', 1, 1799.00, -1, '2022-09-26 12:25:50', '2022-09-27 16:45:04', '2022-09-29 15:24:39', '2022-09-29 15:24:39', '2022-09-26 12:25:50', '2022-10-19 17:25:54');
INSERT INTO `orders` VALUES (23, 5, 3, 6, 54, 2, '20220926122722186926', 1, 1799.00, -1, '2022-09-26 12:25:50', '2022-09-27 16:45:04', '2022-09-27 16:43:43', '2022-09-27 16:43:43', '2022-09-26 12:25:50', '2022-09-27 16:43:43');
INSERT INTO `orders` VALUES (24, 5, 3, 5, 49, 2, '20220926124357439807', 1, 1099.00, 20, '2022-09-26 12:41:08', NULL, NULL, NULL, '2022-09-26 12:41:08', NULL);
INSERT INTO `orders` VALUES (25, 4, 3, 2, 55, 2, '20220926124452525413', 1, 899.00, -1, NULL, NULL, NULL, '2022-09-27 16:43:43', '2022-09-26 12:41:08', '2022-10-19 17:01:53');
INSERT INTO `orders` VALUES (26, 4, 3, 1, 60, 2, '20220927165719337463', 6, 5796.00, 20, '2022-09-27 16:43:43', NULL, NULL, NULL, '2022-09-27 16:43:43', NULL);
INSERT INTO `orders` VALUES (27, 5, 3, 6, 50, 4, '20220927165832369776', 1, 1799.00, 20, '2022-09-27 16:43:43', NULL, NULL, NULL, '2022-09-27 16:43:43', NULL);
INSERT INTO `orders` VALUES (28, 4, 3, 1, 58, 4, '20220927165832380222', 7, 6762.00, 30, '2022-09-27 16:43:43', '2022-10-19 17:41:45', NULL, NULL, '2022-09-27 16:43:43', '2022-10-19 17:41:45');
INSERT INTO `orders` VALUES (29, 4, 3, 2, 59, 4, '20220927165832859882', 1, 899.00, 30, '2022-09-27 16:43:43', '2022-10-19 17:41:45', NULL, NULL, '2022-09-27 16:43:43', '2022-10-19 17:41:45');
INSERT INTO `orders` VALUES (30, 5, 3, 3, 56, 4, '20220927165832746954', 1, 899.00, 20, '2022-09-27 16:43:43', NULL, NULL, NULL, '2022-09-27 16:43:43', NULL);
INSERT INTO `orders` VALUES (31, 5, 5, 3, 61, 7, '20221018173628508453', 1, 899.00, 30, '2022-10-18 16:44:23', '2022-10-19 17:41:45', NULL, NULL, '2022-10-18 16:44:23', '2022-10-19 17:41:45');
INSERT INTO `orders` VALUES (32, 4, 5, 1, 62, 7, '20221018173742815132', 1, 966.00, 20, '2022-10-18 16:44:23', NULL, NULL, NULL, '2022-10-18 16:44:23', NULL);
INSERT INTO `orders` VALUES (33, 4, 3, 1, 63, 1, '20221019172135972426', 1, 966.00, -1, NULL, NULL, NULL, '2022-10-19 17:16:19', '2022-10-19 17:16:19', '2022-10-19 17:24:00');
INSERT INTO `orders` VALUES (34, 4, 3, 2, 64, 1, '20221019172135286823', 1, 899.00, -1, NULL, NULL, NULL, '2022-10-19 17:16:19', '2022-10-19 17:16:19', '2022-10-19 17:24:00');
INSERT INTO `orders` VALUES (35, 5, 3, 3, 65, 1, '20221019172135114886', 1, 899.00, -1, NULL, NULL, NULL, '2022-10-19 17:16:19', '2022-10-19 17:16:19', '2022-10-19 17:24:00');

-- ----------------------------
-- Table structure for payinfo
-- ----------------------------
DROP TABLE IF EXISTS `payinfo`;
CREATE TABLE `payinfo`  (
  `payId` int(10) NOT NULL AUTO_INCREMENT,
  `orderId` int(11) NOT NULL COMMENT '订单id',
  `userId` int(11) NOT NULL COMMENT '用户表id',
  `payForm` int(1) NOT NULL DEFAULT 2 COMMENT '支付平台:1-微信;2-支付宝，默认支付宝支付',
  `totalPrice` decimal(10, 2) NOT NULL COMMENT '价格,单位-元保留两位小数',
  `payNum` varchar(200) CHARACTER SET utf8 COLLATE utf8_general_ci NOT NULL COMMENT '支付流水号',
  `payStatus` int(1) NOT NULL DEFAULT 0 COMMENT '支付状态0-未支付(支付失败)；1-已支付;-1-已取消',
  `createTime` datetime NULL DEFAULT NULL COMMENT '创建时间',
  `updateTime` datetime NULL DEFAULT NULL COMMENT '更新时间',
  PRIMARY KEY (`payId`) USING BTREE,
  INDEX `FK_Reference_6`(`orderId`) USING BTREE,
  INDEX `FK_Reference_7`(`userId`) USING BTREE,
  INDEX `FK_Reference_17`(`totalPrice`) USING BTREE,
  CONSTRAINT `FK_Reference_17` FOREIGN KEY (`totalPrice`) REFERENCES `orders` (`totalPrice`) ON DELETE RESTRICT ON UPDATE RESTRICT,
  CONSTRAINT `FK_Reference_6` FOREIGN KEY (`orderid`) REFERENCES `orders` (`orderid`) ON DELETE RESTRICT ON UPDATE RESTRICT,
  CONSTRAINT `FK_Reference_7` FOREIGN KEY (`userid`) REFERENCES `user` (`userid`) ON DELETE RESTRICT ON UPDATE RESTRICT
) ENGINE = InnoDB AUTO_INCREMENT = 36 CHARACTER SET = utf8 COLLATE = utf8_general_ci ROW_FORMAT = Compact;

-- ----------------------------
-- Records of payinfo
-- ----------------------------
INSERT INTO `payinfo` VALUES (1, 1, 3, 1, 2898.00, '20220925143052102', 1, '2022-09-25 14:19:57', NULL);
INSERT INTO `payinfo` VALUES (2, 2, 3, 1, 1099.00, '20220925143052116', 1, '2022-09-25 14:19:57', NULL);
INSERT INTO `payinfo` VALUES (3, 3, 3, 1, 899.00, '20220925143052123', 1, '2022-09-25 14:19:57', NULL);
INSERT INTO `payinfo` VALUES (4, 4, 3, 1, 1480.00, '20220925143052103', 1, '2022-09-25 14:19:57', NULL);
INSERT INTO `payinfo` VALUES (5, 5, 3, 1, 1799.00, '20220925143052106', 1, '2022-09-25 14:19:57', NULL);
INSERT INTO `payinfo` VALUES (6, 6, 3, 1, 899.00, '20220925143052114', 1, '2022-09-25 14:19:57', NULL);
INSERT INTO `payinfo` VALUES (7, 7, 3, 1, 966.00, '20220925143142106', -1, '2022-09-25 14:19:57', '2022-09-25 15:20:50');
INSERT INTO `payinfo` VALUES (8, 8, 3, 1, 899.00, '20220925143142111', -1, '2022-09-25 14:19:57', '2022-09-25 15:20:50');
INSERT INTO `payinfo` VALUES (9, 9, 3, 1, 899.00, '20220925143142121', -1, '2022-09-25 14:19:57', '2022-09-25 15:29:12');
INSERT INTO `payinfo` VALUES (10, 10, 3, 2, 6594.00, '20220925143223118', 1, '2022-09-25 14:19:57', '2022-09-26 10:34:49');
INSERT INTO `payinfo` VALUES (11, 11, 3, 2, 10794.00, '20220925143304121', 1, '2022-09-25 14:19:57', NULL);
INSERT INTO `payinfo` VALUES (12, 12, 3, 1, 1799.00, '20220925143331123', 1, '2022-09-25 14:19:57', NULL);
INSERT INTO `payinfo` VALUES (13, 13, 3, 1, 1480.00, '20220925143506102', 1, '2022-09-25 14:19:57', NULL);
INSERT INTO `payinfo` VALUES (14, 14, 3, 1, 1799.00, '20220925143506107', 1, '2022-09-25 14:19:57', NULL);
INSERT INTO `payinfo` VALUES (15, 15, 3, 1, 1099.00, '20220925143506105', 1, '2022-09-25 14:19:57', NULL);
INSERT INTO `payinfo` VALUES (16, 16, 3, 2, 966.00, '20220926121909117', 1, '2022-09-26 10:34:49', NULL);
INSERT INTO `payinfo` VALUES (17, 17, 3, 1, 899.00, '20220926121926107', 0, '2022-09-26 10:34:49', NULL);
INSERT INTO `payinfo` VALUES (18, 18, 3, 1, 966.00, '20220926121950102', 1, '2022-09-26 10:34:49', NULL);
INSERT INTO `payinfo` VALUES (19, 19, 3, 1, 899.00, '20220926122007113', 0, '2022-09-26 10:34:49', NULL);
INSERT INTO `payinfo` VALUES (20, 20, 3, 1, 899.00, '20220926122029102', 1, '2022-09-26 10:34:49', NULL);
INSERT INTO `payinfo` VALUES (21, 21, 3, 1, 1480.00, '20220926122029116', 1, '2022-09-26 10:34:49', NULL);
INSERT INTO `payinfo` VALUES (22, 22, 3, 1, 1799.00, '20220926122647105', 1, '2022-09-26 12:25:50', NULL);
INSERT INTO `payinfo` VALUES (23, 23, 3, 1, 1799.00, '20220926122722118', 1, '2022-09-26 12:25:50', NULL);
INSERT INTO `payinfo` VALUES (24, 24, 3, 1, 1099.00, '20220926124357122', 1, '2022-09-26 12:41:08', NULL);
INSERT INTO `payinfo` VALUES (25, 25, 3, 1, 899.00, '20220926124452118', -1, '2022-09-26 12:41:08', '2022-09-27 16:43:43');
INSERT INTO `payinfo` VALUES (26, 26, 3, 1, 5796.00, '20220927165719123', 1, '2022-09-27 16:43:43', NULL);
INSERT INTO `payinfo` VALUES (27, 27, 3, 2, 1799.00, '20220927165832123', 1, '2022-09-27 16:43:43', NULL);
INSERT INTO `payinfo` VALUES (28, 28, 3, 2, 6762.00, '20220927165832105', 1, '2022-09-27 16:43:43', NULL);
INSERT INTO `payinfo` VALUES (29, 29, 3, 2, 899.00, '20220927165832100', 1, '2022-09-27 16:43:43', NULL);
INSERT INTO `payinfo` VALUES (30, 30, 3, 2, 899.00, '20220927165832107', 1, '2022-09-27 16:43:43', NULL);
INSERT INTO `payinfo` VALUES (31, 31, 5, 2, 899.00, '20221018173628104', 1, '2022-10-18 16:44:23', NULL);
INSERT INTO `payinfo` VALUES (32, 32, 5, 1, 966.00, '20221018173742116', 1, '2022-10-18 16:44:23', NULL);
INSERT INTO `payinfo` VALUES (33, 33, 3, 1, 966.00, '20221019172135115', -1, '2022-10-19 17:16:19', '2022-10-19 17:16:19');
INSERT INTO `payinfo` VALUES (34, 34, 3, 1, 899.00, '20221019172135115', -1, '2022-10-19 17:16:19', '2022-10-19 17:16:19');
INSERT INTO `payinfo` VALUES (35, 35, 3, 1, 899.00, '20221019172135103', -1, '2022-10-19 17:16:19', '2022-10-19 17:16:19');

-- ----------------------------
-- Table structure for product
-- ----------------------------
DROP TABLE IF EXISTS `product`;
CREATE TABLE `product`  (
  `proId` int(11) NOT NULL AUTO_INCREMENT COMMENT '商品id',
  `userId` int(11) NOT NULL,
  `cateId` int(10) UNSIGNED NOT NULL COMMENT '类别Id',
  `proName` varchar(100) CHARACTER SET utf8 COLLATE utf8_general_ci NOT NULL COMMENT '商品名称',
  `subTitle` varchar(200) CHARACTER SET utf8 COLLATE utf8_general_ci NULL DEFAULT NULL COMMENT '商品副标题',
  `productImgs` varchar(255) CHARACTER SET utf8 COLLATE utf8_general_ci NOT NULL COMMENT '产品主图,url相对地址',
  `detail` text CHARACTER SET utf8 COLLATE utf8_general_ci NULL COMMENT '商品详情',
  `price` decimal(10, 2) NOT NULL COMMENT '价格,单位-元保留两位小数',
  `stock` int(8) NOT NULL COMMENT '库存数量',
  `status` int(1) NOT NULL DEFAULT 1 COMMENT '商品状态：1-在售 0-下架 -1-删除 ',
  `isPassed` int(1) NOT NULL DEFAULT 0 COMMENT '审核状态：-1：未通过，0：待审核，1：通过',
  PRIMARY KEY (`proId`) USING BTREE,
  INDEX `FK_Reference_1`(`cateId`) USING BTREE,
  INDEX `FK_Reference_5`(`userId`) USING BTREE,
  INDEX `productImgs`(`productImgs`) USING BTREE,
  INDEX `FK_Reference_8`(`productImgs`) USING BTREE,
  INDEX `proId`(`proId`) USING BTREE,
  INDEX `productImgs_2`(`productImgs`) USING BTREE,
  CONSTRAINT `FK_Reference_1` FOREIGN KEY (`cateid`) REFERENCES `category` (`cateid`) ON DELETE RESTRICT ON UPDATE RESTRICT,
  CONSTRAINT `FK_Reference_5` FOREIGN KEY (`userid`) REFERENCES `user` (`userid`) ON DELETE RESTRICT ON UPDATE RESTRICT
) ENGINE = InnoDB AUTO_INCREMENT = 19 CHARACTER SET = utf8 COLLATE = utf8_general_ci ROW_FORMAT = Compact;

-- ----------------------------
-- Records of product
-- ----------------------------
INSERT INTO `product` VALUES (1, 4, 5, '双人床现代简约主卧储物床1.5米轻奢板式床1.8北欧经济高箱收纳床', '整点前1分钟享78折 实付满额送好礼', '1658455191161-756858741.jpg@1658455191162-52809666.jpg@1658455191169-263532348.jpg@1658455191181-393327971.jpg@1658455191190-977043136.jpg', '商家承诺：购买“送货入户并安装”服务，未履行最高可获300元赔付', 966.00, 967, -1, 1);
INSERT INTO `product` VALUES (2, 4, 5, '全友家居实木脚单人板式床双人床架1.5m现代简约主卧室家具106302', '热销万套爆款床 环保板材 舒适升级经典百搭', '1658457176993-254359613.jpg@1658457176997-898596011.jpg@1658457176997-235996796.jpg@1658457176998-271612480.jpg@1658457177000-726551741.jpg', '商家承诺：购买“送货入户并安装”服务，未履行最高可获300元赔付', 899.00, 110, 1, 1);
INSERT INTO `product` VALUES (3, 5, 13, '厦新液晶电视机65英寸家用高清60网络50智能55wifi70/75/80/85', '热销万套爆款床 环保板材 舒适升级经典百搭', '1658457493420-970447734.jpg@1658457493421-605532813.jpg@1658457493750-958399843.jpg@1658457493752-755246125.jpg@1658457493755-195251825.jpg', '商家承诺：购买“送货入户并安装”服务，未履行最高可获300元赔付', 899.00, 653, 1, 1);
INSERT INTO `product` VALUES (4, 5, 11, '全真皮小户型沙发头层牛皮简约现代乳胶皮沙发转角客厅北欧大组合', '热销万套爆款床 环保板材 舒适升级经典百搭', '1658630605667-342772471.jpg@1658630605670-165929963.jpg@1658630605675-151853604.jpg@1658630605676-620155164.jpg@1658630606002-922512690.jpg', '商家承诺：提供“免费送装”服务，百城内包物流、包配送、包安装', 1480.00, 81, 1, 1);
INSERT INTO `product` VALUES (5, 5, 11, '林氏木业现代简约布艺沙发乳胶客厅小户型科技布轻奢转角家具S016', '部分产品快递速达 储物袋设计 亲肤面料', '635743087-868739281.jpg@635743091-788373192.jpg@635743091-726255140.jpg@635743092-561610937.jpg@635743092-909753069.jpg', '商家承诺：购买“送货入户并安装”服务，未履行最高可获300元赔付', 1099.00, 987, 1, 1);
INSERT INTO `product` VALUES (6, 5, 11, '意式极简轻奢磨砂布艺直排沙发客厅现代简约羽绒乳胶网红款ins风', '部分产品快递速达 储物袋设计 亲肤面料', '61088-780736271.jpg@61092-726438803.jpg@61092-673146584.jpg@61098-854143239.jpg@61099-326278108.jpg', '商家承诺：提供“免费送装”服务，百城内包物流、包配送、包安装', 1799.00, 869, 1, 1);
INSERT INTO `product` VALUES (7, 3, 5, 'name', 'list', '83027-811595323.jpg@83028-112522218.jpg@83049-306625440.jpg@83068-176443636.jpg@83072-340274001.jpg', 'des', 999.00, 666, -1, 0);
INSERT INTO `product` VALUES (8, 4, 15, '顾家家居岩板餐桌轻奢现代简约方桌小户型餐桌家用饭桌组合7056', '100%纯实木|FAS级橡木|无辅材|厚重结实', '37043-258654995.jpg@37045-998431852.jpg@37362-592929979.jpg@37363-395580536.jpg@37367-6538147.jpg', '商家承诺提供送货入户的服务', 2499.00, 666, 1, 0);
INSERT INTO `product` VALUES (9, 4, 20, 'Faroro儿童学习桌小学生书桌可升降桌子实木写字桌家用课桌椅套装', '欧洲、北美进口原木', '4718-805912468.jpg@4719-143522559.jpg@4721-920528532.jpg@4721-583086771.jpg@4722-995448411.jpg', '商家承诺提供送货入户的服务', 2280.00, 999, 1, 0);
INSERT INTO `product` VALUES (10, 3, 5, 'name', '155', '76388-369054507.jpg@76389-396412639.jpg@76393-668368049.jpg@76400-949485331.jpg@76402-939240534.jpg', 'sadasds', 199.00, 666, -1, 0);
INSERT INTO `product` VALUES (11, 3, 18, 'name22', 'asdasd', '98367-716634119.jpg@98367-948215212.jpg@98369-303128962.jpg@98378-459735011.jpg@98380-652254894.jpg', 'asdasdasd', 666.00, 666, -1, 0);
INSERT INTO `product` VALUES (12, 3, 13, 'name33', 'zczxxzc', '18331-161499814.jpg@18332-43166628.jpg@18336-289415646.jpg@18344-455717708.jpg@18347-121807352.jpg', 'adasd', 999.00, 999, -1, 0);
INSERT INTO `product` VALUES (13, 3, 21, 'name44', 'axgagashnh', '38662-477584132.jpg@38663-494267715.jpg@38666-245506910.jpg@38672-199335629.jpg@38673-861132839.jpg', 'asdasd', 888.00, 888, -1, 0);
INSERT INTO `product` VALUES (14, 3, 17, 'name555', 'adadbtikjtjdftgj', '27810-41232693.jpg@27813-246965517.jpg@27814-167858138.jpg@27819-393988662.jpg@27821-855571101.jpg', 'asdasd', 555.00, 555, -1, 0);
INSERT INTO `product` VALUES (15, 3, 16, 'name66', 'asdasd66666', '48603-87893565.jpg@48603-616588749.jpg@48605-88615133.jpg@48609-143115483.jpg@48610-526984180.jpg', 'zxvsdgvxcxv', 556.00, 556, -1, 0);
INSERT INTO `product` VALUES (16, 3, 11, 'name', 'asdasd', '29261-683276996.jpg@29262-130731392.jpg@29266-967510875.jpg@29272-750808488.jpg@29275-800027368.jpg', 'asdsad', 111.00, 111, -1, 0);
INSERT INTO `product` VALUES (17, 3, 12, 'name2', 'asdasd', '47275-863119222.jpg@47275-793269856.jpg@47278-267675081.jpg@47285-443951725.jpg@47287-196811799.jpg', 'asdsad', 222.00, 222, -1, 0);
INSERT INTO `product` VALUES (18, 3, 11, 'name3', 'asdasd', '79179-620668037.jpg@79185-934753569.jpg@79186-542617080.jpg', 'asdasd', 333.00, 333, -1, 0);

-- ----------------------------
-- Table structure for user
-- ----------------------------
DROP TABLE IF EXISTS `user`;
CREATE TABLE `user`  (
  `userId` int(11) NOT NULL AUTO_INCREMENT COMMENT '用户表id',
  `userName` varchar(50) CHARACTER SET utf8 COLLATE utf8_general_ci NOT NULL COMMENT '用户名',
  `passWord` varchar(255) CHARACTER SET utf8 COLLATE utf8_general_ci NOT NULL COMMENT '用户密码，MD5加密',
  `nickName` varchar(24) CHARACTER SET utf8 COLLATE utf8_general_ci NOT NULL DEFAULT '' COMMENT '用户昵称，最多8个汉字',
  `sex` int(1) NOT NULL DEFAULT 2 COMMENT '性别：0-女，1-男，2-未知；默认未知',
  `introduce` varchar(60) CHARACTER SET utf8 COLLATE utf8_general_ci NOT NULL DEFAULT '这个人很懒什么都没有留下~~' COMMENT '个人介绍，最多30个汉字',
  `phone` varchar(20) CHARACTER SET utf8 COLLATE utf8_general_ci NULL DEFAULT '' COMMENT '电话',
  `userImg` varchar(500) CHARACTER SET utf8 COLLATE utf8_bin NULL DEFAULT NULL COMMENT '头像',
  `role` int(1) NOT NULL DEFAULT 2 COMMENT '角色:0-管理员,1-商家,2-普通用户',
  `state` int(1) NOT NULL DEFAULT 0 COMMENT '用户状态：-1-删除状态，0-正常状态，1-封禁状态',
  `createTime` datetime NULL DEFAULT NULL COMMENT '创建时间',
  `updateTime` datetime NULL DEFAULT NULL COMMENT '更新时间',
  PRIMARY KEY (`userId`) USING BTREE,
  INDEX `FK_Reference_10`(`phone`) USING BTREE,
  INDEX `userId`(`userId`) USING BTREE,
  INDEX `userId_2`(`userId`) USING BTREE,
  INDEX `userId_3`(`userId`) USING BTREE,
  INDEX `userId_4`(`userId`) USING BTREE,
  INDEX `userId_5`(`userId`) USING BTREE,
  INDEX `userId_6`(`userId`) USING BTREE
) ENGINE = InnoDB AUTO_INCREMENT = 9 CHARACTER SET = utf8 COLLATE = utf8_general_ci ROW_FORMAT = Compact;

-- ----------------------------
-- Records of user
-- ----------------------------
INSERT INTO `user` VALUES (1, 'costomer', '$2a$10$oC/nXMbrIRnlbNHS9gd/X..NZMeyZw8qPNI1jyUaRzqQ5Hs3e1BVG', '游客', 2, '这个人很懒什么都没有留下~~', NULL, NULL, 2, 0, '2022-07-22 09:20:49', '2022-10-22 19:11:08');
INSERT INTO `user` VALUES (2, 'admin', '$2a$10$aLsfHquL16w58ePwTpNieubQakziYYNh3YXOGNkOtCY5mbJmeWL3e', '管理员', 2, '这个人很懒什么都没有留下~~', NULL, 'http://localhost:8081/userAvatars/1658570213920.jpg', 0, 0, '2022-07-22 09:20:49', '2022-10-22 12:44:28');
INSERT INTO `user` VALUES (3, 'cc', '$2a$10$yq97D2Kh6XkU1Xld9dHHreZRDf2EKycgV0xjZLO6RczQTfZUe0KmC', '一个小橙橙', 1, '文艺小青年一枚~~哈哈^_^', '15244934906', 'http://localhost:8081/userAvatars/1664269257990.jpg', 0, 0, '2022-07-22 09:20:49', '2022-10-22 12:35:39');
INSERT INTO `user` VALUES (4, 'merchant', '$2a$10$RbZ93AZvPEQbISzB.FdyteZHdYJVkxjKexlojzpTrWkueef617tX.', '商家', 2, '这个人很懒什么都没有留下~~', NULL, 'http://localhost:8081/userAvatars/1665649512799.jpg', 1, 0, '2022-07-22 09:20:49', '2022-10-22 12:35:39');
INSERT INTO `user` VALUES (5, 'shoper', '$2a$10$u2reefbAw6xOiliyMYCvOuKZPu.MG95GfHAY4OHecRnZKSiEV09zy', '卖家', 2, '这个人很懒什么都没有留下~~', NULL, 'http://localhost:8081/userAvatars/1665395630643.jpg', 1, 0, '2022-07-22 10:41:27', '2022-10-22 12:35:39');
INSERT INTO `user` VALUES (6, 'xiaochen', '$2a$10$NYrRLcFE5GS5wsS3PFw9eeIt7lat86BD4YAM6dM5CRuQnsZoOmrBy', '游客', 2, '这个人很懒什么都没有留下~~', '', 'http://localhost:8081/userAvatars/1666410214279.jpg', 0, -1, '2022-09-27 16:43:43', '2022-09-27 16:43:43');
INSERT INTO `user` VALUES (7, 'aaa', '$2a$10$W8IT/TcTFTO.J8ziTbFVbOG8w4nNxNnCGh2yRIJz8yhVwrvMXio1m', '测试', 2, '这个人很懒什么都没有留下~~', '', 'http://localhost:8081/userAvatars/1666410200378.jpg', 0, -1, '2022-09-27 16:43:43', '2022-09-27 16:43:43');
INSERT INTO `user` VALUES (8, 'ccc', '$2a$10$bYLssiVV91JwJRJP.DheDOt3viqfVeazDt9u1KNQD/JPqFqI5X58e', '', 2, '这个人很懒什么都没有留下~~', '', 'http://localhost:8081/userAvatars/1666410916211.jpg', 0, -1, '2022-10-22 11:54:27', '2022-10-22 11:54:27');

SET FOREIGN_KEY_CHECKS = 1;
